"Dataset","RemoveNoComparator","AnalysisCondition","EligibleRTs","NoOtherItemComparator","ParticipantAndItemRatio","ParticipantOnlyRatio","IterativeRemoved","CutoffRemoved","TotalRemoved","RetainedRTs"
"fujita2024memoryEx1",TRUE,"fq1",51775,289,87,0,376,1,377,51398
"fujita2024memoryEx1",TRUE,"fq2",51650,351,103,0,454,1,455,51195
"fujita2024memoryEx1",TRUE,"fq3",51614,317,103,0,420,2,422,51192
"fujita2024memoryEx1",TRUE,"fq4",50053,336,97,0,433,2,435,49618
"fujita2024memoryEx1",FALSE,"fq1",51775,0,87,0,87,1,88,51687
"fujita2024memoryEx1",FALSE,"fq2",51650,0,102,0,102,1,103,51547
"fujita2024memoryEx1",FALSE,"fq3",51614,0,103,0,103,2,105,51509
"fujita2024memoryEx1",FALSE,"fq4",50053,0,97,0,97,2,99,49954
"fujita2024memoryEx2",TRUE,"fq1",51018,342,95,0,437,3,440,50578
"fujita2024memoryEx2",TRUE,"fq2",51213,317,109,0,426,7,433,50780
"fujita2024memoryEx2",TRUE,"fq3",50514,338,125,0,463,5,468,50046
"fujita2024memoryEx2",TRUE,"fq4",51732,326,102,0,428,5,433,51299
"fujita2024memoryEx2",FALSE,"fq1",51018,0,95,0,95,3,98,50920
"fujita2024memoryEx2",FALSE,"fq2",51213,0,109,0,109,7,116,51097
"fujita2024memoryEx2",FALSE,"fq3",50514,0,125,0,125,5,130,50384
"fujita2024memoryEx2",FALSE,"fq4",51732,0,102,0,102,5,107,51625
"fujita2025lmaze",TRUE,"gp1",4278,34,28,0,62,0,62,4216
"fujita2025lmaze",TRUE,"gp2",4241,35,18,0,53,0,53,4188
"fujita2025lmaze",TRUE,"gp3",4250,40,27,0,67,0,67,4183
"fujita2025lmaze",TRUE,"gp4",4325,39,33,0,72,0,72,4253
"fujita2025lmaze",FALSE,"gp1",4278,0,28,0,28,0,28,4250
"fujita2025lmaze",FALSE,"gp2",4241,0,18,0,18,0,18,4223
"fujita2025lmaze",FALSE,"gp3",4250,0,27,0,27,0,27,4223
"fujita2025lmaze",FALSE,"gp4",4325,0,33,0,33,0,33,4292
"fujita2026ex1",TRUE,"ca1",18280,327,62,0,389,0,389,17891
"fujita2026ex1",TRUE,"ca2",18446,332,71,0,403,0,403,18043
"fujita2026ex1",TRUE,"ca3",19263,337,70,0,407,0,407,18856
"fujita2026ex1",TRUE,"ca4",19464,326,84,0,410,0,410,19054
"fujita2026ex1",FALSE,"ca1",18280,0,62,0,62,0,62,18218
"fujita2026ex1",FALSE,"ca2",18446,0,71,0,71,0,71,18375
"fujita2026ex1",FALSE,"ca3",19263,0,70,0,70,0,70,19193
"fujita2026ex1",FALSE,"ca4",19464,0,84,0,84,0,84,19380
"fujita2026ex2",TRUE,"ca1",14647,107,49,0,156,0,156,14491
"fujita2026ex2",TRUE,"ca2",16038,95,36,0,131,0,131,15907
"fujita2026ex2",FALSE,"ca1",14647,0,49,0,49,0,49,14598
"fujita2026ex2",FALSE,"ca2",16038,0,36,0,36,0,36,16002
"fujita2026ex3",TRUE,"ca1",11246,142,64,0,206,2,208,11038
"fujita2026ex3",TRUE,"ca2",12088,148,70,0,218,1,219,11869
"fujita2026ex3",TRUE,"ca3",7578,279,42,0,321,0,321,7257
"fujita2026ex3",TRUE,"ca4",8453,278,38,0,316,0,316,8137
"fujita2026ex3",FALSE,"ca1",11246,0,64,0,64,2,66,11180
"fujita2026ex3",FALSE,"ca2",12088,0,70,0,70,1,71,12017
"fujita2026ex3",FALSE,"ca3",7578,0,42,0,42,0,42,7536
"fujita2026ex3",FALSE,"ca4",8453,0,38,0,38,0,38,8415
"fujitayoshida2024ex1",TRUE,"Expt2-E",9011,227,51,0,278,2,280,8731
"fujitayoshida2024ex1",TRUE,"Expt2-F",9027,245,55,0,300,0,300,8727
"fujitayoshida2024ex1",TRUE,"Expt2-G",9023,219,46,0,265,0,265,8758
"fujitayoshida2024ex1",TRUE,"Expt2-H",9213,219,44,0,263,1,264,8949
"fujitayoshida2024ex1",FALSE,"Expt2-E",9011,0,51,0,51,2,53,8958
"fujitayoshida2024ex1",FALSE,"Expt2-F",9027,0,55,0,55,0,55,8972
"fujitayoshida2024ex1",FALSE,"Expt2-G",9023,0,45,0,45,0,45,8978
"fujitayoshida2024ex1",FALSE,"Expt2-H",9213,0,44,0,44,1,45,9168
"fujitayoshida2024ex2",TRUE,"cond1",14801,191,58,0,249,2,251,14550
"fujitayoshida2024ex2",TRUE,"cond2",15048,200,65,0,265,4,269,14779
"fujitayoshida2024ex2",TRUE,"cond3",14861,227,40,0,267,0,267,14594
"fujitayoshida2024ex2",TRUE,"cond4",15323,209,63,0,272,0,272,15051
"fujitayoshida2024ex2",FALSE,"cond1",14801,0,57,0,57,2,59,14742
"fujitayoshida2024ex2",FALSE,"cond2",15048,0,64,0,64,4,68,14980
"fujitayoshida2024ex2",FALSE,"cond3",14861,0,40,0,40,0,40,14821
"fujitayoshida2024ex2",FALSE,"cond4",15323,0,63,0,63,0,63,15260
"fujitayoshida2024ex3",TRUE,"cond1",7538,112,41,0,153,0,153,7385
"fujitayoshida2024ex3",TRUE,"cond2",7601,120,38,0,158,2,160,7441
"fujitayoshida2024ex3",TRUE,"cond3",7580,122,47,0,169,0,169,7411
"fujitayoshida2024ex3",TRUE,"cond4",7530,130,38,0,168,0,168,7362
"fujitayoshida2024ex3",FALSE,"cond1",7538,0,41,0,41,0,41,7497
"fujitayoshida2024ex3",FALSE,"cond2",7601,0,38,0,38,2,40,7561
"fujitayoshida2024ex3",FALSE,"cond3",7580,0,47,0,47,0,47,7533
"fujitayoshida2024ex3",FALSE,"cond4",7530,0,38,0,38,0,38,7492
"fujitayoshida2024ex4",TRUE,"cond1",7560,126,53,0,179,0,179,7381
"fujitayoshida2024ex4",TRUE,"cond2",7463,130,54,0,184,0,184,7279
"fujitayoshida2024ex4",TRUE,"cond3",7548,130,53,0,183,0,183,7365
"fujitayoshida2024ex4",TRUE,"cond4",7486,117,42,0,159,3,162,7324
"fujitayoshida2024ex4",FALSE,"cond1",7560,0,53,0,53,0,53,7507
"fujitayoshida2024ex4",FALSE,"cond2",7463,0,54,0,54,0,54,7409
"fujitayoshida2024ex4",FALSE,"cond3",7548,0,53,0,53,0,53,7495
"fujitayoshida2024ex4",FALSE,"cond4",7486,0,42,0,42,3,45,7441
"hao2025exp1b",TRUE,"a",7859,53,65,0,118,0,118,7741
"hao2025exp1b",TRUE,"b",7853,44,68,0,112,0,112,7741
"hao2025exp1b",TRUE,"c",7871,48,69,0,117,3,120,7751
"hao2025exp1b",TRUE,"d",7916,58,68,0,126,0,126,7790
"hao2025exp1b",FALSE,"a",7859,0,65,0,65,0,65,7794
"hao2025exp1b",FALSE,"b",7853,0,68,0,68,0,68,7785
"hao2025exp1b",FALSE,"c",7871,0,69,0,69,3,72,7799
"hao2025exp1b",FALSE,"d",7916,0,68,0,68,0,68,7848
"hao2025exp2b",TRUE,"a",14740,99,96,0,195,0,195,14545
"hao2025exp2b",TRUE,"b",14771,112,86,0,198,3,201,14570
"hao2025exp2b",TRUE,"c",14751,113,81,0,194,4,198,14553
"hao2025exp2b",TRUE,"d",14705,98,93,0,191,2,193,14512
"hao2025exp2b",FALSE,"a",14740,0,96,0,96,1,97,14643
"hao2025exp2b",FALSE,"b",14771,0,86,0,86,3,89,14682
"hao2025exp2b",FALSE,"c",14751,0,81,0,81,5,86,14665
"hao2025exp2b",FALSE,"d",14705,0,93,0,93,2,95,14610
"hoeks2023exp1",TRUE,"target_bf_g",10228,30,73,0,103,0,103,10125
"hoeks2023exp1",TRUE,"target_bf_n",10246,38,51,1,90,0,90,10156
"hoeks2023exp1",TRUE,"target_nf_g",10211,49,60,15,124,1,125,10086
"hoeks2023exp1",TRUE,"target_nf_n",10190,38,65,0,103,0,103,10087
"hoeks2023exp1",FALSE,"target_bf_g",10228,0,73,0,73,0,73,10155
"hoeks2023exp1",FALSE,"target_bf_n",10246,0,51,1,52,0,52,10194
"hoeks2023exp1",FALSE,"target_nf_g",10211,0,59,15,74,1,75,10136
"hoeks2023exp1",FALSE,"target_nf_n",10190,0,65,0,65,0,65,10125
"hoeks2023exp2",TRUE,"target_a_g",11026,30,89,0,119,0,119,10907
"hoeks2023exp2",TRUE,"target_a_n",11269,45,63,0,108,0,108,11161
"hoeks2023exp2",TRUE,"target_na_g",11100,48,69,0,117,2,119,10981
"hoeks2023exp2",TRUE,"target_na_n",11248,34,86,0,120,0,120,11128
"hoeks2023exp2",FALSE,"target_a_g",11026,0,88,0,88,0,88,10938
"hoeks2023exp2",FALSE,"target_a_n",11269,0,63,0,63,0,63,11206
"hoeks2023exp2",FALSE,"target_na_g",11100,0,68,0,68,2,70,11030
"hoeks2023exp2",FALSE,"target_na_n",11248,0,85,0,85,0,85,11163
"hoeks2023exp3",TRUE,"target_a_g",9842,64,66,0,130,0,130,9712
"hoeks2023exp3",TRUE,"target_a_n",9670,85,66,0,151,0,151,9519
"hoeks2023exp3",TRUE,"target_na_g",9495,71,77,0,148,0,148,9347
"hoeks2023exp3",TRUE,"target_na_n",9544,99,65,0,164,0,164,9380
"hoeks2023exp3",FALSE,"target_a_g",9842,0,65,0,65,0,65,9777
"hoeks2023exp3",FALSE,"target_a_n",9670,0,65,0,65,0,65,9605
"hoeks2023exp3",FALSE,"target_na_g",9495,0,77,0,77,0,77,9418
"hoeks2023exp3",FALSE,"target_na_n",9544,0,65,0,65,0,65,9479
"hoeks2023exp4",TRUE,"NPclefts_conj_plur",7725,141,54,0,195,0,195,7530
"hoeks2023exp4",TRUE,"NPclefts_for_plur",7774,137,46,0,183,0,183,7591
"hoeks2023exp4",TRUE,"NPclefts_sing_sing",7754,140,44,0,184,0,184,7570
"hoeks2023exp4",TRUE,"NPclefts_with_plur",7768,130,27,0,157,0,157,7611
"hoeks2023exp4",TRUE,"prime_assoc_alt",10286,61,56,0,117,0,117,10169
"hoeks2023exp4",TRUE,"prime_assoc_noalt",10340,54,53,0,107,0,107,10233
"hoeks2023exp4",TRUE,"prime_nonassoc_alt",10297,57,60,0,117,0,117,10180
"hoeks2023exp4",TRUE,"prime_nonassoc_noalt",10140,73,55,0,128,0,128,10012
"hoeks2023exp4",FALSE,"NPclefts_conj_plur",7725,0,54,0,54,0,54,7671
"hoeks2023exp4",FALSE,"NPclefts_for_plur",7774,0,46,0,46,0,46,7728
"hoeks2023exp4",FALSE,"NPclefts_sing_sing",7754,0,43,0,43,0,43,7711
"hoeks2023exp4",FALSE,"NPclefts_with_plur",7768,0,27,0,27,0,27,7741
"hoeks2023exp4",FALSE,"prime_assoc_alt",10286,0,56,0,56,0,56,10230
"hoeks2023exp4",FALSE,"prime_assoc_noalt",10340,0,53,0,53,0,53,10287
"hoeks2023exp4",FALSE,"prime_nonassoc_alt",10297,0,60,0,60,0,60,10237
"hoeks2023exp4",FALSE,"prime_nonassoc_noalt",10140,0,55,0,55,0,55,10085
"orth2025",TRUE,"BothTheEver",5124,32,60,0,92,0,92,5032
"orth2025",TRUE,"BothTheStill",5110,36,53,0,89,0,89,5021
"orth2025",TRUE,"MatrixNoEver",5033,9,61,0,70,0,70,4963
"orth2025",TRUE,"MatrixNoStill",5249,22,54,2,78,0,78,5171
"orth2025",TRUE,"MatrixTheEver",5197,28,57,1,86,0,86,5111
"orth2025",TRUE,"MatrixTheStill",5320,9,56,0,65,0,65,5255
"orth2025",FALSE,"BothTheEver",5124,0,58,0,58,0,58,5066
"orth2025",FALSE,"BothTheStill",5110,0,53,0,53,0,53,5057
"orth2025",FALSE,"MatrixNoEver",5033,0,61,0,61,0,61,4972
"orth2025",FALSE,"MatrixNoStill",5249,0,53,2,55,0,55,5194
"orth2025",FALSE,"MatrixTheEver",5197,0,57,1,58,0,58,5139
"orth2025",FALSE,"MatrixTheStill",5320,0,56,0,56,0,56,5264
"orth2026amaze",TRUE,"Expt-A",4324,0,61,0,61,0,61,4263
"orth2026amaze",TRUE,"Expt-B",4254,2,57,0,59,2,61,4193
"orth2026amaze",TRUE,"Expt-C",4249,1,58,0,59,3,62,4187
"orth2026amaze",TRUE,"Expt-D",4219,0,57,0,57,2,59,4160
"orth2026amaze",FALSE,"Expt-A",4324,0,61,0,61,0,61,4263
"orth2026amaze",FALSE,"Expt-B",4254,0,57,0,57,2,59,4195
"orth2026amaze",FALSE,"Expt-C",4249,0,58,0,58,3,61,4188
"orth2026amaze",FALSE,"Expt-D",4219,0,57,0,57,2,59,4160
"orth2026lmaze",TRUE,"Expt-A",4498,0,24,4,28,0,28,4470
"orth2026lmaze",TRUE,"Expt-B",4445,0,38,3,41,0,41,4404
"orth2026lmaze",TRUE,"Expt-C",4572,0,35,1,36,0,36,4536
"orth2026lmaze",TRUE,"Expt-D",4576,0,54,2,56,0,56,4520
"orth2026lmaze",FALSE,"Expt-A",4498,0,24,4,28,0,28,4470
"orth2026lmaze",FALSE,"Expt-B",4445,0,38,3,41,0,41,4404
"orth2026lmaze",FALSE,"Expt-C",4572,0,35,1,36,0,36,4536
"orth2026lmaze",FALSE,"Expt-D",4576,0,54,2,56,0,56,4520
